gameStartTimestamp,kills,deaths,killingSprees,visionScore,goldEarned,neutralMinionsKilled,summonerName,baitPings,championName,enemyMissingPings,win,totalMinionsKilled,role,Creep Score,gameMode,queueId
2023-07-10 20:52:04.244,5,8,2,15,14939,157,FrozenFire2018,0,Belveth,1,True,62,NONE,219,CLASSIC,400
2023-07-10 19:42:11.901,19,9,4,19,19158,155,FrozenFire2018,0,Warwick,0,False,84,NONE,239,CLASSIC,420
2023-07-10 18:39:43.607,6,12,1,12,12295,115,FrozenFire2018,0,Warwick,2,False,18,NONE,133,CLASSIC,420
2023-07-10 18:12:10.237,11,4,3,15,10827,109,FrozenFire2018,0,Warwick,0,True,12,NONE,121,CLASSIC,420
2023-07-10 16:17:29.721,8,9,3,15,11707,120,FrozenFire2018,0,Warwick,5,True,37,NONE,157,CLASSIC,420
2023-07-10 15:33:57.405,4,9,0,6,9850,0,FrozenFire2018,0,Illaoi,1,True,148,SOLO,148,CLASSIC,400
2023-07-10 14:59:35.328,25,11,4,8,19562,100,FrozenFire2018,0,Belveth,0,True,46,NONE,146,CLASSIC,400
2023-07-10 14:15:28.411,23,9,6,15,19222,146,FrozenFire2018,0,Nunu,0,True,35,NONE,181,CLASSIC,400
2023-07-10 13:43:17.992,4,6,1,3,5700,60,FrozenFire2018,0,Nunu,0,False,15,SUPPORT,75,CLASSIC,400
2023-07-10 12:49:06.340,4,6,1,7,5614,54,FrozenFire2018,0,Nunu,0,False,22,SUPPORT,76,CLASSIC,400
2023-07-10 12:06:41.909,9,11,2,14,13361,121,FrozenFire2018,0,Nunu,2,False,39,NONE,160,CLASSIC,400
2023-07-10 11:28:05.286,6,11,3,17,12190,120,FrozenFire2018,2,Warwick,5,False,58,NONE,178,CLASSIC,420
2023-07-10 10:59:55.891,13,5,3,17,11759,98,FrozenFire2018,0,Warwick,0,True,28,NONE,126,CLASSIC,420
2023-07-10 00:34:45.170,8,12,1,19,14136,134,FrozenFire2018,1,Warwick,4,False,36,NONE,170,CLASSIC,420
2023-07-09 21:08:02.537,7,7,2,11,11781,103,FrozenFire2018,5,Warwick,2,False,43,NONE,146,CLASSIC,420
2023-07-09 20:28:21.951,10,8,2,23,15553,131,FrozenFire2018,0,Warwick,9,True,51,NONE,182,CLASSIC,420
2023-07-09 17:24:34.449,5,6,1,6,5606,68,FrozenFire2018,4,Warwick,7,False,0,SUPPORT,68,CLASSIC,420
2023-07-09 14:52:15.866,10,9,2,6,11064,104,FrozenFire2018,0,Nunu,0,False,26,NONE,130,CLASSIC,400
2023-07-09 14:06:06.503,12,13,1,25,14887,115,FrozenFire2018,0,Warwick,5,False,36,SUPPORT,151,CLASSIC,420
2023-07-09 13:15:57.183,8,7,4,21,14044,148,FrozenFire2018,0,Warwick,10,False,38,NONE,186,CLASSIC,420
2023-07-06 20:33:18.118,13,11,5,12,16982,5,FrozenFire2018,6,Illaoi,3,True,252,NONE,257,CLASSIC,400
2023-07-06 20:04:10.300,10,0,1,16,8177,81,FrozenFire2018,1,Warwick,1,True,15,SUPPORT,96,CLASSIC,420
2023-07-06 19:31:06.603,16,6,3,18,13525,120,FrozenFire2018,1,Warwick,4,True,48,NONE,168,CLASSIC,420
2023-07-06 19:00:34.811,5,8,1,15,9409,108,FrozenFire2018,6,Warwick,1,False,30,NONE,138,CLASSIC,420
2023-07-06 16:47:18.809,9,6,2,17,11954,147,FrozenFire2018,0,Warwick,3,True,23,NONE,170,CLASSIC,420
2023-07-06 16:12:54.065,11,13,2,12,13899,8,FrozenFire2018,0,Zoe,14,False,150,DUO,158,CLASSIC,420
2023-07-05 21:12:35.966,13,6,4,15,12759,119,FrozenFire2018,0,Warwick,2,False,22,NONE,141,CLASSIC,420
2023-07-05 20:43:00.907,7,9,2,12,10974,120,FrozenFire2018,0,Warwick,6,True,9,NONE,129,CLASSIC,420
2023-07-05 20:13:03.829,8,5,2,16,8860,85,FrozenFire2018,0,Warwick,3,True,16,NONE,101,CLASSIC,420
2023-07-03 17:08:02.076,24,6,4,18,16991,94,FrozenFire2018,0,Nunu,0,True,52,NONE,146,CLASSIC,400
2023-07-03 16:30:27.350,21,8,5,17,18618,118,FrozenFire2018,0,Nunu,1,True,63,NONE,181,CLASSIC,400
2023-07-02 13:31:15.511,13,11,2,7,16728,27,FrozenFire2018,1,Caitlyn,11,True,221,CARRY,248,CLASSIC,400
2023-07-02 12:44:03.281,12,14,3,14,16047,26,FrozenFire2018,1,Caitlyn,0,False,210,CARRY,236,CLASSIC,400
2023-07-01 19:22:27.608,14,13,4,23,18838,64,FrozenFire2018,2,Xayah,3,False,224,CARRY,288,CLASSIC,400
2023-07-01 18:47:12.263,24,9,7,12,19536,31,FrozenFire2018,0,Xayah,0,True,229,CARRY,260,CLASSIC,400
2023-07-01 18:06:19.189,11,3,2,16,20264,140,FrozenFire2018,1,Xayah,0,True,270,CARRY,410,CLASSIC,400
2023-06-30 21:08:19.762,19,10,4,25,22247,72,FrozenFire2018,2,Xayah,1,True,249,CARRY,321,CLASSIC,400
2023-06-30 20:42:49.602,16,2,3,7,10454,0,FrozenFire2018,0,Xayah,0,True,122,DUO,122,CLASSIC,400
2023-06-30 19:51:50.643,0,12,0,17,12207,22,FrozenFire2018,0,Xayah,1,False,245,CARRY,267,CLASSIC,400
2023-06-28 15:22:05.091,6,9,2,18,15999,12,FrozenFire2018,6,Malzahar,6,False,278,DUO,290,CLASSIC,400
2023-06-26 15:10:12.333,14,9,4,21,16528,0,FrozenFire2018,0,Vex,5,False,246,DUO,246,CLASSIC,440
2023-06-25 18:11:31.533,4,12,1,18,13993,4,FrozenFire2018,0,Vex,5,False,232,SOLO,236,CLASSIC,440
2023-06-25 17:22:12.802,6,8,2,18,12431,0,FrozenFire2018,0,Ahri,8,False,247,SOLO,247,CLASSIC,440
2023-06-25 14:55:16.859,16,6,4,28,17496,0,FrozenFire2018,0,Heimerdinger,1,True,226,SOLO,226,CLASSIC,440
2023-06-24 13:19:43.670,10,12,5,23,16757,1,FrozenFire2018,0,Zoe,1,False,248,SOLO,249,CLASSIC,440
2023-06-24 12:40:07.358,5,9,1,13,10222,4,FrozenFire2018,0,Sylas,0,False,141,SOLO,145,CLASSIC,440
2023-06-21 20:10:47.006,17,13,3,20,17336,139,FrozenFire2018,1,Nunu,0,False,33,NONE,172,CLASSIC,440
2023-06-20 21:19:44.759,15,10,3,27,18413,4,FrozenFire2018,4,Ahri,3,True,216,SOLO,220,CLASSIC,440
2023-06-11 19:11:46.478,9,8,2,19,15834,0,FrozenFire2018,0,Ahri,4,False,234,SOLO,234,CLASSIC,440
2023-06-11 18:18:24.051,9,9,2,14,13964,4,FrozenFire2018,1,Sylas,0,True,195,SOLO,199,CLASSIC,440
2023-06-11 16:15:24.311,17,5,2,22,15655,4,FrozenFire2018,0,Zoe,2,True,161,SOLO,165,CLASSIC,440
2023-06-09 19:13:05.585,18,8,4,15,16402,0,FrozenFire2018,6,Zoe,3,False,212,SOLO,212,CLASSIC,440
2023-06-09 18:20:19.646,19,13,7,20,18790,4,FrozenFire2018,2,Vex,7,False,193,SOLO,197,CLASSIC,440
2023-06-09 17:31:48.265,9,6,2,11,8881,0,FrozenFire2018,1,Zoe,3,True,113,SUPPORT,113,CLASSIC,440
2023-06-09 17:21:42.076,0,0,0,0,542,0,FrozenFire2018,0,Ahri,0,False,0,SUPPORT,0,CLASSIC,440
2023-06-09 16:28:48.474,8,12,2,16,15887,4,FrozenFire2018,0,Malzahar,0,False,253,SOLO,257,CLASSIC,440
2023-05-21 17:12:15.674,12,9,3,25,21652,12,FrozenFire2018,8,Vex,8,True,317,SOLO,329,CLASSIC,440
2023-05-13 20:22:28.064,9,8,3,19,15000,8,FrozenFire2018,6,Ahri,6,True,190,DUO,198,CLASSIC,440
2023-05-05 16:26:20.948,6,10,2,14,11080,0,FrozenFire2018,1,Zoe,1,True,143,SOLO,143,CLASSIC,440
2023-05-05 15:35:53.187,14,7,3,20,17132,4,FrozenFire2018,0,Zoe,4,True,231,SOLO,235,CLASSIC,440
